[
  {
    "id": 1,
    "name": "Морошка",
    "category": "Варенье",
    "price": 6000,
    "description": "Самая популярная ягода севера, в изобилии богата кальцием, магнием, железом и фосфор, укрепляет кости и суставы, так же цениться в уходовой косметике для лица.",
    "image": ""
  },
  {
    "id": 2,
    "name": "Княженика",
    "category": "Варенье",
    "price": 4580,
    "description": "Редчайшая ягода севера, обладающая уникальным спектром вкусовых эмоций, для кого-то ананас или земляника.",
    "image": ""
  },
  {
    "id": 3,
    "name": "Лесная ягода(Толокнянка, водяника, клоповка)",
    "category": "Варенье",
    "price": 2980,
    "description": "Сбор северных ягод особенно полезны для ЖКТ, помогает при отравлении.",
    "image": ""
  },
  {
    "id": 4,
    "name": "Таёжный сбор(Клюква, брусника, мята, малина, можжевельник)",
    "category": "Варенье",
    "price": 2840,
    "description": "Классический сбор с хвойным послевкусием от можжевельника, обладает противовоспалительными, жаропонижающими и противовирусными свойствами.",
    "image": ""
  },
  {
    "id": 5,
    "name": "Медвежий сбор(жимолость,красника,шикша и дикая вишня)",
    "category": "Варенье",
    "price": 3120,
    "description": "Сбор любимых ягод медведей, полезно для кровеносной и сердечно сосудистой системы, нормализует давление, укрепляет сосуды.",
    "image": ""
  },
  {
    "id": 6,
    "name": "Сосновая шишка",
    "category": "Варенье",
    "price": 2440,
    "description": "Настойка шишек на меду из черноклёна и берёзовом соку, помогают укреплять иммунитет, особенно полезна для горла и дыхательных путей",
    "image": ""
  },
  {
    "id": 7,
    "name": "Липовый мёд",
    "category": "Мёд",
    "price": 69,
    "description": "Свежий липовый мёд.",
    "image": ""
  },
  {
    "id": 8,
    "name": "Таёжный зелёный сбор",
    "category": "Чай",
    "price": 500,
    "description": "Состав: зелёный чай, календула, чёрная вишня, листья брусники, листья черники, боярышник, мята.",
    "image": ""
  },
  {
    "id": 9,
    "name": "Таёжный чёрный сбор",
    "category": "Чай",
    "price": 500,
    "description": "Состав: чёрный чай, календула, чёрная вишня, листья брусники, листья черники, боярышник, мята.",
    "image": ""
  },
  {
    "id": 10,
    "name": "Малиновый сбор",
    "category": "Чай",
    "price": 500,
    "description": "Состав: листья малины, лепестки роз, боярка, мята.",
    "image": ""
  },
  {
    "id": 11,
    "name": "Клубничное лето",
    "category": "Чай",
    "price": 500,
    "description": "Состав: клубника, лимон, апельсин, цветок апельсина, мята.",
    "image": ""
  }
]